{"mean": [4.854103713812262, 2.085827078662638, 0.7374500438639243, 0.4303294668096306, 0.1849076177015304, 0.08924156837898431, 0.5768143337557268, 0.3948453796666342, 0.15049861097572861, 0.5454966370991324, 0.5941368554440004, 0.12245345550248563, 1.145506384637879, 0.07059654937128375, 0.28068037820450337, 1.0835120382103518, 45.40369431718491, 15.819231893946778, 233.9576469441466, 3.075787113753777, 1.5701335412808266, 22.096232576274492, 0.18413100692075252, 3.6197728823472075, 7.182084023783995, 0.4290622867725899, 9.19368359489229, 1.478165513207915, 0.06301783799590603, 0.0023394092991519642, 0.009918120674529681, 0.025587289209474607, 0.0013402865776391461, 0.01696071741885174, 0.0012184423433083146, 4.6480407447119605, 0.4084949800175456, 0.14007213178672384, 0.4464372745881665, 227.97619163661176, 1.0913588069012574, 0.26505994736329075, 1.1590310946486013, 33.74422458329272, 0.881299346914904, 26411.546788185984, 110.88069012574324, 0.8685180816843749, 0.05686751876401208, 0.1289505312408617, 0.171199020372356, 0.05686745784189492, 19.208318500828543, 0.2702505117457842, 0.052831660005848526, 0.9289404425382591, 0.8664343503265426, 0.7021152159079832, 0.4512866751145336, 0.2509260161809143, 0.04598401403645579, 0.34589141241836435, 0.017277512428111902, 0.1544984891314943, 0.4071059557461741, 0.04225558046593235, 0.23135783214738279, 0.02709815771517692, 0.09469733892192221, 0.5483965298762062, 679.8609883830566], "scale": [7.235621178242915, 2.3037861177603647, 1.3030934758483992, 0.9949160653215987, 0.2974618585394879, 0.2054589621636457, 0.3797821784660765, 0.39164772586087476, 0.2577911572408087, 1.096321883905155, 0.9074180290622911, 0.49855213377648805, 2.235698400583006, 0.3456411841236214, 0.8524135816713463, 2.426092466806892, 41.80558048983593, 22.060316092714338, 446.17134565648684, 8.12373289298021, 4.161664932094239, 74.7779519908555, 0.7080143975690706, 25.614635856146162, 35.17198337828023, 2.1089841445956945, 21.49328992758426, 3.374067532822981, 0.81819158294006, 0.09205914334576938, 0.24459073025400693, 0.6377645902207795, 0.0746904917927435, 0.5790682974446797, 0.08434582789431015, 5.993322576037067, 1.5519357894763293, 0.6316162693202217, 1.280988524462145, 439.24710188653887, 1.9927890269370876, 0.4413651228484873, 0.5011479918992573, 8.815266497062215, 0.3234359411726961, 20732.04462099331, 76.19508290184056, 40.40192689150946, 0.21804606913298716, 0.3022344986305385, 0.35101577634241266, 0.2144636436607994, 1076.9403620535431, 0.4440891494361532, 0.2236972858728397, 0.2569243016047381, 0.34018504802645966, 0.4573285902920014, 0.49762135402191393, 0.4335460189927822, 0.2094504344458393, 0.47565801079514397, 0.1303034918657529, 0.3614259343040837, 0.4912949180911282, 0.20117168385590317, 0.42170058768212093, 0.1623694785469865, 0.2927964359807489, 0.4976522640317649, 19.566881267782495], "feature_names": ["Total_TL", "Tot_Active_TL", "Total_TL_opened_L6M", "Tot_TL_closed_L6M", "pct_tl_open_L6M", "pct_tl_closed_L6M", "pct_active_tl", "pct_tl_open_L12M", "pct_tl_closed_L12M", "Tot_Missed_Pmnt", "Auto_TL", "CC_TL", "Consumer_TL", "Home_TL", "PL_TL", "Other_TL", "Age_Oldest_TL", "Age_Newest_TL", "time_since_recent_payment", "time_since_recent_deliquency", "num_times_delinquent", "max_delinquency_level", "num_deliq_6mts", "max_deliq_6mts", "max_deliq_12mts", "num_times_60p_dpd", "num_std", "num_std_6mts", "num_sub", "num_sub_6mts", "num_sub_12mts", "num_dbt", "num_dbt_6mts", "num_lss", "num_lss_6mts", "tot_enq", "CC_enq", "CC_enq_L6m", "PL_enq_L6m", "time_since_recent_enq", "enq_L3m", "MARITALSTATUS", "EDUCATION", "AGE", "GENDER", "NETMONTHLYINCOME", "Time_With_Curr_Empr", "pct_currentBal_all_TL", "CC_utilization", "PL_utilization", "pct_PL_enq_L6m_of_ever", "pct_CC_enq_L6m_of_ever", "max_unsec_exposure_inPct", "HL_Flag", "GL_Flag", "CC_utilization_missing", "PL_utilization_missing", "max_delinquency_level_missing", "max_unsec_exposure_missing", "max_deliq_6mts_missing", "last_prod_enq2_CC", "last_prod_enq2_ConsumerLoan", "last_prod_enq2_HL", "last_prod_enq2_PL", "last_prod_enq2_others", "first_prod_enq2_CC", "first_prod_enq2_ConsumerLoan", "first_prod_enq2_HL", "first_prod_enq2_PL", "first_prod_enq2_others", "predicted_credit_score"]}